Clave de entidad federativa,Nombre de la entidad,Clave de municipio o delegación,Nombre del municipio o delegación,Clave de localidad,Nombre de la localidad,Clave de ageb,Clave de manzana,Población total,Población masculina,Población femenina,Población de 0 a 2 años,Población masculina de 0 a 2 años,Población femenina de 0 a 2 años,Población de 3 años y más,Población masculina de 3 años y más,Población femenina de 3 años y más,Población de 5 años y más,Población masculina de 5 años y más,Población femenina de 5 años y más,Población de 12 años y más,Población masculina de 12 años y más,Población femenina de 12 años y más,Población de 15 años y más,Población masculina de 15 años y más,Población femenina de 15 años y más,Población de 18 años y más,Población masculina de 18 años y más,Población femenina de 18 años y más,Población de 3 a 5 años,Población masculina de 3 a 5 años,Población femenina de 3 a 5 años,Población de 6 a 11 años,Población masculina de 6 a 11 años,Población femenina de 6 a 11 años,Población de 8 a 14 años,Población masculina de 8 a 14 años,Población femenina de 8 a 14 años,Población de 12 a 14 años,Población masculina de 12 a 14 años,Población femenina de 12 a 14 años,Población de 15 a 17 años,Población masculina de 15 a 17 años,Población femenina de 15 a 17 años,Población de 18 a 24 años,Población masculina de 18 a 24 años,Población femenina de 18 a 24 años,Población femenina de 15 a 49 años ,Población de 60 años y más,Población masculina de 60 años y más,Población femenina de 60 años y más,Relación hombres-mujeres,Población de cero a 14 años,Población de 15 a 64 años,Población de 65 años y más,Promedio de hijos nacidos vivos,Población nacida en la entidad,Población masculina nacida en la entidad,Población femenina nacida en la entidad,Población nacida en otra entidad,Población masculina nacida en otra entidad,Población femenina nacida en otra entidad,Población de 5 años y más residente en la entidad en junio de 2005,Población masculina de 5 años y más residente en la entidad en junio de 2005,Población femenina de 5 años y más residente en la entidad en junio de 2005,Población de 5 años y más residente en otra entidad en junio de 2005,Población masculina de 5 años y más residente en otra entidad en junio de 2005,Población femenina de 5 años y más residente en otra entidad en junio de 2005,Población de 3 años y más que habla alguna lengua indígena,Población masculina de 3 años y más que habla alguna lengua indígena,Población femenina de 3 años y más que habla alguna lengua indígena,Población de 3 años y más que habla alguna lengua indígena y no habla español,Población masculina de 3 años y más que habla alguna lengua indígena y no habla español,Población femenina de 3 años y más que habla alguna lengua indígena y no habla español,Población de 3 años y más que habla alguna lengua indígena y habla español,Población masculina de 3 años y más que habla alguna lengua indígena y habla español,Población femenina de 3 años y más que habla alguna lengua indígena y habla español,Población de 5 años y más que habla alguna lengua indígena,Población de 5 años y más que habla alguna lengua indígena y no habla español,Población de 5 años y más que habla alguna lengua indígena y habla español,Población en hogares censales indígenas,Población con limitación en la actividad,"Población con limitación para caminar o moverse, subir o bajar","Población con limitación para ver, aun usando lentes","Población con limitación para hablar, comunicarse o conversar",Población con limitación para escuchar,"Población con limitación para vestirse, bañarse o comer",Población con limitación para poner atención o aprender cosas sencillas,Población con limitación mental,Población sin limitación en la actividad,Población de 3 a 5 años que no asiste a la escuela,Población masculina de 3 a 5 años que no asiste a la escuela,Población femenina de 3 a 5 años que no asiste a la escuela,Población de 6 a 11 años que no asiste a la escuela,Población masculina de 6 a 11 años que no asiste a la escuela,Población femenina de 6 a 11 años que no asiste a la escuela,Población de 12 a 14 años que no asiste a la escuela,Población masculina de 12 a 14 años que no asiste a la escuela,Población femenina de 12 a 14 años que no asiste a la escuela,Población de 15 a 17 años que asiste a la escuela,Población masculina de 15 a 17 años que asiste a la escuela,Población femenina de 15 a 17 años que asiste a la escuela,Población de 18 a 24 años que asiste a la escuela,Población masculina de 18 a 24 años que asiste a la escuela,Población femenina de 18 a 24 años que asiste a la escuela,Población de 8 a 14 años analfabeta,Población masculina de 8 a 14 años analfabeta,Población femenina de 8 a 14 años analfabeta,Población de 15 años y más analfabeta,Población masculina de 15 años y más analfabeta,Población femenina de 15 años y más analfabeta,Población de 15 años y más sin escolaridad,Población masculina de 15 años y más sin escolaridad,Población femenina de 15 años y más sin escolaridad,Población de 15 años y más con primaria incompleta,Población masculina de 15 años y más con primaria incompleta,Población femenina de 15 años y más con primaria incompleta,Población de 15 años y más con primaria completa,Población masculina de 15 años y más con primaria completa,Población femenina de 15 años y más con primaria completa,Población de 15 años y más con secundaria incompleta,Población masculina de 15 años y más con secundaria incompleta,Población femenina de 15 años y más con secundaria incompleta,Población de 15 años y más con secundaria completa,Población masculina de 15 años y más con secundaria completa,Población femenina de 15 años y más con secundaria completa,Población de 18 años y más con educación pos-básica,Población masculina de 18 años y más con educación pos-básica,Población femenina de 18 años y más con educación pos-básica,Grado promedio de escolaridad,Grado promedio de escolaridad de la población masculina,Grado promedio de escolaridad de la población femenina,Población económicamente activa,Población masculina económicamente activa,Población femenina económicamente activa,Población no económicamente activa,Población masculina no económicamente activa,Población femenina no económicamente activa,Población ocupada,Población masculina ocupada,Población femenina ocupada,Población desocupada,Población masculina desocupada,Población femenina desocupada,Población sin derechohabiencia a servicios de salud  ,Población derechohabiente a servicios de salud,Población derechohabiente del IMSS  ,Población derechohabiente del ISSSTE,Población derechohabiente del ISSSTE estatal,Población derechohabiente por el Seguro Popular,Población soltera o nunca unida de 12 años y más,Población casada o unida de 12 años y más,Población que estuvo casada o unida de 12 años y más,Población con religión católica,"Protestantes, Evangélicas y Bíblicas diferentes de evangélicas",Población con otras religiones diferentes a las anteriores,Población sin religión,Total de hogares censales,Hogares censales con jefatura masculina,Hogares censales con jefatura femenina,Población en hogares censales,Población en hogares censales con jefatura masculina,Población en hogares censales con jefatura femenina,Total de viviendas,Total de viviendas habitadas,Total de viviendas particulares,Viviendas particulares habitadas,Total de viviendas particulares habitadas,Viviendas particulares deshabitadas,Viviendas particulares de uso temporal,Ocupantes en viviendas particulares habitadas,Promedio de ocupantes en viviendas particulares habitadas,Viviendas particulares habitadas con piso de material diferente de tierra,Viviendas particulares habitadas con piso de tierra,Viviendas particulares habitadas con un dormitorio,Viviendas particulares habitadas con dos dormitorios y más,Viviendas particulares habitadas con un solo cuarto ,Viviendas particulares habitadas con dos cuartos,Viviendas particulares habitadas con 3 cuartos y más,Promedio de ocupantes por cuarto en viviendas particulares habitadas,Viviendas particulares habitadas que disponen de luz eléctrica,Viviendas particulares habitadas que no disponen de luz eléctrica,Viviendas particulares habitadas que disponen de agua entubada en el ámbito de la vivienda,Viviendas particulares habitadas que no disponen de agua entubada en el ámbito de la vivienda,Viviendas particulares habitadas que disponen de excusado o sanitario,Viviendas particulares habitadas que disponen de drenaje,Viviendas particulares habitadas que no disponen de drenaje,"Viviendas particulares habitadas que disponen de luz eléctrica, agua entubada de la red pública y drenaje",Viviendas particulares habitadas sin ningún bien,Viviendas particulares habitadas que disponen de radio,Viviendas particulares habitadas que disponen de televisor,Viviendas particulares habitadas que disponen de refrigerador,Viviendas particulares habitadas que disponen de lavadora,Viviendas particulares habitadas que disponen de automóvil o camioneta,Viviendas particulares habitadas que disponen de computadora,Viviendas particulares habitadas que disponen de línea telefónica fija,Viviendas particulares habitadas que disponen de teléfono celular,Viviendas particulares habitadas que disponen de internet
13,Hidalgo,27,Huehuetla,1,Huehuetla,92,1,13,5,8,0,0,0,13,5,8,13,5,8,11,4,7,11,4,7,11,4,7,*,0,*,*,*,0,0,0,0,0,0,0,0,0,0,*,*,*,5,*,*,*,62.5,*,9,*,1.86,12,4,8,*,*,0,11,4,7,*,0,*,*,*,*,0,0,0,*,*,*,*,0,*,7,*,0,*,0,0,0,0,0,12,0,0,0,0,0,0,0,0,0,0,0,0,*,0,*,0,0,0,0,0,0,0,0,0,0,0,0,3,*,*,0,0,0,0,0,0,8,3,5,11.9,11.67,12,8,4,4,3,0,3,8,4,4,0,0,0,0,9,0,0,0,8,5,5,*,6,7,0,0,3,*,*,13,9,4,4,*,*,*,*,*,*,13,4.33,3,0,*,*,0,0,3,0.87,3,0,3,0,3,3,0,3,0,*,3,3,*,0,0,*,*,0
13,Hidalgo,27,Huehuetla,1,Huehuetla,92,2,64,31,33,4,*,*,60,29,31,57,27,30,50,22,28,48,20,28,46,20,26,4,3,*,6,4,*,6,5,*,*,*,0,*,0,*,10,4,6,16,8,4,4,93.94,16,41,7,2.82,59,30,29,5,*,4,53,25,28,*,0,*,17,6,11,*,*,0,16,5,11,17,*,16,34,3,*,0,*,0,0,0,*,60,*,*,*,0,0,0,*,*,0,*,0,*,4,*,*,*,*,0,7,*,5,9,*,7,4,*,*,4,*,3,*,0,*,8,*,6,20,12,8,8.61,10.53,7.26,20,13,7,30,9,21,18,11,7,*,*,0,10,54,0,6,0,48,14,32,4,60,0,0,4,18,15,3,64,56,8,19,*,*,*,*,*,*,64,3.56,18,0,9,9,4,*,12,1.1,18,0,17,*,17,17,*,17,*,4,15,14,4,*,5,8,8,0
13,Hidalgo,27,Huehuetla,1,Huehuetla,92,3,60,29,31,3,*,*,57,28,29,54,26,28,47,22,25,42,19,23,40,17,23,4,3,*,6,3,3,10,5,5,5,3,*,*,*,0,8,5,3,18,4,*,3,93.55,18,38,4,2.4,50,26,24,10,3,7,54,26,28,0,0,0,*,*,*,0,0,0,*,*,*,*,0,*,5,0,0,0,0,0,0,0,0,60,0,0,0,0,0,0,0,0,0,*,*,0,5,3,*,0,0,0,3,0,3,*,0,*,*,0,*,5,3,*,*,*,0,9,3,6,23,11,12,10.81,11.42,10.3,24,14,10,23,8,15,24,14,10,0,0,0,3,57,0,12,0,45,18,24,5,60,0,0,0,15,9,6,60,40,20,19,*,*,*,*,*,*,60,4,15,0,8,7,4,*,9,1.18,15,0,10,5,15,15,0,10,*,6,14,12,7,6,7,7,8,*
13,Hidalgo,27,Huehuetla,1,Huehuetla,92,5,24,8,16,*,*,0,23,7,16,22,7,15,22,7,15,19,6,13,19,6,13,*,0,*,0,0,0,3,*,*,3,*,*,0,0,0,4,*,3,9,4,*,*,50,5,17,*,1.67,23,8,15,*,0,*,22,7,15,0,0,0,4,*,3,0,0,0,4,*,3,4,0,4,11,*,0,0,*,0,*,0,*,23,*,0,*,0,0,0,0,0,0,0,0,0,0,0,0,0,0,0,*,0,*,*,0,*,4,*,3,*,0,*,0,0,0,4,*,3,8,4,4,8.95,11,8,7,4,3,14,*,12,7,4,3,0,0,0,4,20,0,0,0,20,6,13,3,21,0,0,3,8,3,5,24,12,12,8,*,*,*,*,*,*,24,3,6,*,*,5,*,*,5,0.89,7,0,7,0,7,7,0,7,*,*,6,5,*,*,*,3,5,*
13,Hidalgo,27,Huehuetla,1,Huehuetla,92,6,36,17,19,*,0,*,34,17,17,34,17,17,26,12,14,24,10,14,20,10,10,0,0,0,8,5,3,7,4,3,*,*,0,4,0,4,4,3,*,11,5,*,3,89.47,12,21,3,3.29,33,16,17,3,*,*,33,16,17,0,0,0,18,9,9,0,0,0,18,9,9,18,0,18,26,5,*,*,0,0,0,*,0,31,0,0,0,0,0,0,0,0,0,4,0,4,*,*,*,0,0,0,3,*,*,3,*,*,3,*,*,*,*,*,3,*,*,3,*,*,8,5,3,7.78,8.67,7.21,8,8,0,18,4,14,7,7,0,*,*,0,0,36,0,0,0,36,11,12,3,35,0,0,0,7,4,3,36,20,16,8,*,*,*,*,*,*,36,5.14,7,0,4,3,0,4,3,1.5,7,0,0,7,7,7,0,0,0,5,7,4,*,*,*,*,4,0
13,Hidalgo,27,Huehuetla,1,Huehuetla,92,7,39,17,22,*,*,0,37,15,22,37,15,22,34,13,21,34,13,21,33,13,20,*,0,*,*,*,0,*,*,0,0,0,0,*,0,*,10,*,8,15,7,3,4,77.27,5,30,4,2.14,37,16,21,*,*,*,36,15,21,*,0,*,15,6,9,0,0,0,15,6,9,15,0,15,35,*,0,*,0,0,0,0,0,38,0,0,0,0,0,0,0,0,0,*,0,*,7,*,6,0,0,0,7,*,6,7,*,6,*,*,0,*,*,*,0,0,0,3,*,*,19,7,12,9.22,9.09,9.29,15,10,5,19,3,16,15,10,5,0,0,0,5,34,0,5,0,29,12,20,*,38,*,0,0,10,7,3,39,31,8,10,*,*,*,*,*,*,39,3.9,10,0,3,7,*,0,9,1.08,10,0,10,0,10,10,0,10,*,3,9,9,*,*,*,5,7,0
13,Hidalgo,27,Huehuetla,1,Huehuetla,92,8,109,52,57,7,3,4,102,49,53,100,47,53,87,42,45,82,38,44,77,36,41,3,3,0,12,4,8,14,7,7,5,4,*,5,*,3,16,8,8,25,22,11,11,91.23,27,63,19,2.91,95,46,49,14,6,8,87,43,44,13,4,9,49,23,26,*,0,*,48,23,25,49,*,48,88,7,3,*,*,*,*,*,*,102,*,*,0,0,0,0,0,0,0,5,*,3,*,0,*,0,0,0,16,4,12,15,4,11,15,9,6,13,6,7,*,0,*,17,9,8,17,9,8,6.4,6.71,6.14,40,29,11,47,13,34,39,28,11,*,*,0,31,78,0,*,0,77,28,46,13,82,23,0,3,31,22,9,109,81,28,32,*,*,*,*,*,*,109,3.52,30,0,16,14,3,12,15,1.17,30,0,20,10,30,30,0,20,4,21,24,17,4,5,5,12,12,*
13,Hidalgo,27,Huehuetla,1,Huehuetla,92,9,41,22,19,*,*,0,40,21,19,39,21,18,32,17,15,31,17,14,30,17,13,*,0,*,7,4,3,7,3,4,*,0,*,*,0,*,4,3,*,8,7,4,3,115.79,10,24,7,3.07,38,20,18,3,*,*,38,20,18,*,*,0,17,8,9,0,0,0,17,8,9,17,0,17,31,*,*,0,0,*,0,0,0,39,0,0,0,0,0,0,0,0,0,*,0,*,*,*,*,0,0,0,9,3,6,10,4,6,*,*,0,*,*,0,0,0,0,9,6,3,9,5,4,6.71,7.24,6.07,17,13,4,15,4,11,17,13,4,0,0,0,10,31,0,*,0,30,10,18,4,40,*,0,0,13,10,3,41,33,8,13,*,*,*,*,*,*,41,3.15,12,*,8,5,3,*,8,1.11,13,0,10,3,13,13,0,10,3,8,9,10,4,*,*,4,6,0
13,Hidalgo,27,Huehuetla,1,Huehuetla,92,10,71,42,29,*,*,0,70,41,29,65,38,27,55,32,23,50,28,22,48,26,22,7,4,3,8,5,3,9,6,3,5,4,*,*,*,0,8,6,*,16,7,4,3,144.83,21,45,5,3.17,71,42,29,0,0,0,64,37,27,0,0,0,4,*,3,0,0,0,4,*,3,4,0,4,17,*,*,0,0,0,0,0,0,69,3,*,*,0,0,0,0,0,0,*,*,0,*,*,*,0,0,0,6,3,3,8,4,4,6,3,3,*,*,*,*,*,0,17,10,7,15,8,7,7.76,7.78,7.73,26,23,3,29,9,20,17,14,3,9,9,0,32,39,0,7,0,32,22,23,10,64,6,0,*,18,14,4,71,60,11,19,*,*,*,*,*,*,71,3.94,17,0,10,8,*,7,9,1.39,18,0,18,0,18,18,0,18,0,14,18,11,7,*,*,6,11,*
13,Hidalgo,27,Huehuetla,1,Huehuetla,92,11,43,24,19,3,*,*,40,22,18,39,22,17,32,18,14,28,15,13,27,14,13,*,0,*,7,4,3,10,6,4,4,3,*,*,*,0,8,5,3,10,4,*,*,126.32,15,25,3,3.57,30,15,15,13,9,4,34,18,16,5,4,*,7,3,4,0,0,0,7,3,4,7,0,7,29,*,*,*,0,0,0,0,0,40,*,0,*,*,*,0,0,0,0,*,*,0,*,*,0,0,0,0,6,3,3,5,*,3,3,*,*,*,0,*,*,0,*,7,4,3,9,6,3,8.22,8.93,7.33,13,11,*,19,7,12,13,11,*,0,0,0,6,37,0,4,0,37,12,19,*,16,*,0,24,8,7,*,43,40,3,10,*,*,*,*,*,*,43,5.38,8,0,3,5,0,*,6,1.23,8,0,8,0,8,8,0,8,0,3,8,6,4,0,*,*,5,0
13,Hidalgo,27,Huehuetla,1,Huehuetla,92,12,37,17,20,4,*,3,33,16,17,32,16,16,25,13,12,24,13,11,21,10,11,*,0,*,7,3,4,5,*,3,*,0,*,3,3,0,6,3,3,8,*,0,*,85,13,22,*,1.92,26,12,14,11,5,6,28,14,14,3,*,*,3,*,*,0,0,0,3,*,*,3,0,3,5,0,0,0,0,0,0,0,0,37,*,0,*,0,0,0,0,0,0,3,3,0,*,*,0,0,0,0,*,0,*,*,0,*,3,*,*,4,*,3,*,0,*,5,3,*,8,6,*,9,11,6.64,13,9,4,12,4,8,13,9,4,0,0,0,*,35,0,*,0,34,12,11,*,37,0,0,0,10,6,4,37,19,18,13,*,*,*,*,*,*,37,3.7,9,*,5,5,3,*,6,1.06,10,0,10,0,10,10,0,10,0,4,8,7,3,*,3,5,8,0
13,Hidalgo,27,Huehuetla,1,Huehuetla,92,13,38,20,18,*,*,*,36,19,17,35,19,16,28,16,12,25,13,12,21,10,11,*,0,*,7,3,4,9,6,3,3,3,0,4,3,*,3,*,*,9,4,*,*,111.11,13,24,*,2.5,26,16,10,9,3,6,29,16,13,*,*,*,0,0,0,0,0,0,0,0,0,0,0,0,0,0,0,0,0,0,0,0,0,38,0,0,0,0,0,0,0,0,0,3,*,*,*,*,0,0,0,0,0,0,0,0,0,0,0,0,0,3,*,*,0,0,0,11,6,5,9,4,5,10.2,10.15,10.25,14,10,4,14,6,8,13,9,4,*,*,0,9,28,0,*,0,27,9,16,3,32,6,0,0,11,5,6,38,21,17,11,*,*,*,*,*,*,38,3.45,9,0,4,5,*,*,5,1.27,9,0,8,*,9,9,0,8,0,4,7,7,4,*,4,4,5,*
13,Hidalgo,27,Huehuetla,1,Huehuetla,92,14,6,*,*,*,*,*,*,*,*,*,*,*,*,*,*,*,*,*,*,*,*,*,*,*,*,*,*,*,*,*,*,*,*,*,*,*,*,*,*,*,*,*,*,*,*,*,*,*,*,*,*,*,*,*,*,*,*,*,*,*,*,*,*,*,*,*,*,*,*,*,*,*,*,*,*,*,*,*,*,*,*,*,*,*,*,*,*,*,*,*,*,*,*,*,*,*,*,*,*,*,*,*,*,*,*,*,*,*,*,*,*,*,*,*,*,*,*,*,*,*,*,*,*,*,*,*,*,*,*,*,*,*,*,*,*,*,*,*,*,*,*,*,*,*,*,*,*,*,*,*,*,*,*,*,*,1,*,*,*,*,*,*,*,*,*,*,*,*,*,*,*,*,*,*,*,*,*,*,*,*,*,*,*,*,*,*,*,*,*,*
13,Hidalgo,27,Huehuetla,1,Huehuetla,92,15,42,18,24,0,0,0,42,18,24,41,17,24,36,13,23,33,13,20,31,12,19,*,*,0,4,3,*,6,*,4,3,0,3,*,*,*,11,5,6,17,*,*,*,75,9,31,*,1.52,42,18,24,0,0,0,41,17,24,0,0,0,9,4,5,0,0,0,9,4,5,9,0,9,24,*,*,0,0,0,0,0,0,41,*,*,0,0,0,0,0,0,0,*,*,*,7,3,4,0,0,0,3,0,3,3,0,3,3,*,*,3,3,0,0,0,0,7,*,5,11,5,6,8.76,9.92,7.94,13,9,4,23,4,19,13,9,4,0,0,0,12,29,0,*,0,28,19,16,*,42,0,0,0,10,7,3,42,36,6,11,*,*,*,*,*,*,42,4.2,8,*,3,6,*,*,6,1.24,9,0,9,0,9,9,0,9,0,*,8,9,3,*,*,3,5,0
13,Hidalgo,27,Huehuetla,1,Huehuetla,92,16,15,5,10,0,0,0,15,5,10,15,5,10,11,*,9,10,*,8,9,*,7,0,0,0,4,3,*,4,*,*,*,0,*,*,0,*,0,0,0,3,5,*,4,50,5,5,5,4.33,13,4,9,*,*,*,15,5,10,0,0,0,5,*,4,0,0,0,5,*,4,5,0,5,12,0,0,0,0,0,0,0,0,15,0,0,0,0,0,0,0,0,0,*,0,*,0,0,0,0,0,0,*,0,*,*,0,*,*,0,*,3,0,3,0,0,0,0,0,0,4,*,*,8.9,11.5,8.25,5,*,4,6,*,5,5,*,4,0,0,0,7,8,0,4,0,4,3,4,4,15,0,0,0,5,*,3,15,6,9,6,*,*,*,*,*,*,15,3,5,0,*,3,0,0,5,0.5,5,0,5,0,5,5,0,5,0,0,5,5,0,*,*,3,*,*
13,Hidalgo,27,Huehuetla,1,Huehuetla,92,17,18,8,10,0,0,0,18,8,10,18,8,10,17,8,9,15,6,9,14,6,8,0,0,0,*,0,*,3,*,*,*,*,0,*,0,*,3,*,*,3,5,*,3,80,3,13,*,3,17,8,9,*,0,*,18,8,10,0,0,0,9,4,5,0,0,0,9,4,5,9,0,9,16,0,0,0,0,0,0,0,0,18,0,0,0,0,0,0,0,0,0,*,0,*,*,*,*,0,0,0,6,*,5,5,*,4,*,0,*,*,0,*,0,0,0,*,*,0,*,*,*,5.15,8,3.89,7,5,*,10,3,7,7,5,*,0,0,0,3,15,0,0,0,15,8,7,*,18,0,0,0,5,*,3,18,7,11,5,*,*,*,*,*,*,18,3.6,5,0,*,3,*,*,3,1.13,5,0,5,0,5,5,0,5,0,*,5,3,*,*,0,*,4,0
13,Hidalgo,27,Huehuetla,1,Huehuetla,92,18,122,65,57,7,4,3,115,61,54,107,56,51,91,46,45,82,41,41,77,38,39,10,7,3,14,8,6,20,12,8,9,5,4,5,3,*,12,7,5,31,13,6,7,114.04,40,73,9,2.42,115,61,54,4,*,*,106,55,51,0,0,0,36,16,20,*,*,0,35,15,20,36,*,35,74,5,*,*,*,*,0,*,*,115,4,3,*,0,0,0,*,0,*,4,3,*,3,*,*,0,0,0,11,5,6,11,6,5,15,6,9,12,4,8,*,*,0,12,6,6,29,16,13,7.6,8.05,7.15,43,33,10,48,13,35,43,33,10,0,0,0,18,104,0,12,0,93,36,50,5,102,17,0,*,31,23,8,122,105,17,32,*,*,*,*,*,*,122,3.94,30,0,19,11,6,9,15,1.4,29,*,28,*,30,30,0,27,*,10,22,15,9,3,6,6,17,0
13,Hidalgo,27,Huehuetla,1,Huehuetla,92,19,11,5,6,0,0,0,11,5,6,9,4,5,7,3,4,7,3,4,6,3,3,3,*,*,*,*,0,*,*,0,0,0,0,*,0,*,*,0,*,4,*,*,0,83.33,4,6,*,2,10,5,5,*,0,*,8,4,4,*,0,*,*,0,*,0,0,0,*,0,*,*,0,*,3,0,0,0,0,0,0,0,0,11,*,*,*,0,0,0,0,0,0,*,0,*,*,0,*,0,0,0,0,0,0,0,0,0,0,0,0,*,*,0,*,0,*,0,0,0,3,*,*,10.83,11.67,10,4,3,*,3,0,3,4,3,*,0,0,0,0,11,0,5,0,6,*,6,0,6,5,0,0,3,*,*,11,3,8,3,*,*,*,*,*,*,11,3.67,*,*,*,*,*,0,*,1,3,0,3,0,3,3,0,3,0,0,3,*,*,0,*,*,3,0
13,Hidalgo,27,Huehuetla,1,Huehuetla,92,20,49,25,24,*,*,0,48,24,24,45,22,23,37,17,20,33,14,19,31,13,18,3,*,*,8,5,3,10,7,3,4,3,*,*,*,*,5,*,3,14,10,5,5,104.17,16,24,9,2.55,47,25,22,*,0,*,42,22,20,3,0,3,6,0,6,0,0,0,6,0,6,6,0,6,11,0,0,0,0,0,0,0,0,49,0,0,0,0,0,0,0,0,0,*,*,*,3,*,*,0,0,0,3,*,*,3,*,*,9,4,5,*,0,*,4,3,*,4,*,3,11,5,6,7.88,8.14,7.68,17,10,7,20,7,13,17,10,7,0,0,0,11,38,0,5,0,33,13,13,11,36,9,0,4,16,9,7,49,30,19,18,*,*,*,*,*,*,49,3.06,16,0,8,8,4,*,11,1.04,16,0,16,0,16,16,0,16,*,7,13,9,5,4,4,5,10,*
13,Hidalgo,27,Huehuetla,1,Huehuetla,92,21,53,18,35,5,*,4,48,17,31,46,16,30,39,15,24,34,12,22,30,11,19,4,*,3,5,*,4,7,4,3,5,3,*,4,*,3,6,*,4,17,4,*,3,51.43,19,31,3,1.71,51,18,33,*,0,*,45,15,30,0,0,0,9,4,5,0,0,0,9,4,5,9,0,9,32,0,0,0,0,0,0,0,0,53,*,*,0,0,0,0,0,0,0,4,*,3,4,*,3,0,0,0,5,*,4,5,*,4,*,0,*,4,*,*,*,*,*,5,*,3,14,5,9,9.47,10.36,9,20,10,10,19,5,14,20,10,10,0,0,0,0,14,0,11,0,3,12,20,7,49,*,0,0,12,8,4,53,33,20,15,*,*,*,*,*,*,53,4.42,12,0,6,6,*,4,7,1.47,12,0,12,0,12,12,0,12,*,7,11,11,3,5,5,7,7,*
13,Hidalgo,27,Huehuetla,1,Huehuetla,92,22,60,30,30,3,*,*,57,28,29,55,26,29,50,23,27,47,21,26,44,18,26,*,*,0,5,3,*,7,4,3,3,*,*,3,3,0,9,5,4,15,11,3,8,100,13,38,9,3.26,51,25,26,9,5,4,52,24,28,*,*,*,23,9,14,0,0,0,23,9,14,23,0,23,50,0,0,0,0,0,0,0,0,60,*,*,0,0,0,0,0,0,0,3,3,0,*,*,*,0,0,0,6,*,5,6,*,5,7,3,4,8,*,7,*,*,0,6,5,*,17,8,9,8.06,9.05,7.27,23,16,7,27,7,20,22,15,7,*,*,0,13,47,0,10,0,37,23,18,9,60,0,0,0,15,8,7,60,34,26,15,*,*,*,*,*,*,60,4,14,0,6,7,*,4,8,1.46,13,0,9,4,13,13,0,9,0,10,13,11,4,5,*,5,10,0
13,Hidalgo,27,Huehuetla,1,Huehuetla,92,23,14,9,5,0,0,0,14,9,5,14,9,5,9,5,4,8,4,4,8,4,4,*,*,0,4,3,*,4,3,*,*,*,0,0,0,0,0,0,0,3,0,0,0,180,6,8,0,4,12,8,4,*,*,*,13,8,5,*,*,0,*,*,0,0,0,0,*,*,0,*,0,*,4,0,0,0,0,0,0,0,0,14,0,0,0,0,0,0,0,0,0,0,0,0,0,0,0,0,0,0,*,*,*,*,*,*,0,0,0,*,0,*,0,0,0,*,*,0,4,*,*,9.38,9.5,9.25,6,4,*,3,*,*,6,4,*,0,0,0,*,13,0,6,0,7,*,8,0,14,0,0,0,4,*,3,14,3,11,4,*,*,*,*,*,*,14,3.5,4,0,*,*,0,*,*,1.17,4,0,4,0,4,4,0,4,0,*,4,3,*,*,*,*,*,*
13,Hidalgo,27,Huehuetla,1,Huehuetla,92,24,73,33,40,3,*,*,70,32,38,67,32,35,57,25,32,52,23,29,43,20,23,3,0,3,10,7,3,11,7,4,5,*,3,9,3,6,12,6,6,24,4,*,*,82.5,21,49,3,2.71,70,32,38,*,*,*,64,31,33,0,0,0,23,10,13,0,0,0,4,*,3,23,0,4,45,7,4,3,0,0,0,*,0,66,*,0,*,0,0,0,0,0,0,9,3,6,6,4,*,0,0,0,10,*,8,9,*,7,4,*,3,10,6,4,3,3,0,12,6,6,12,5,7,7.12,7.65,6.69,20,13,7,37,12,25,19,12,7,*,*,0,0,71,0,3,0,68,27,28,*,73,0,0,0,14,12,*,73,62,11,16,*,*,*,*,*,*,73,5.21,14,0,5,9,0,3,11,1.43,13,0,13,*,14,14,0,12,*,8,11,9,5,*,*,3,5,0
13,Hidalgo,27,Huehuetla,1,Huehuetla,105,1,176,74,102,8,5,3,168,69,99,162,69,93,139,60,79,122,56,66,112,51,61,8,*,7,21,8,13,32,11,21,17,4,13,10,5,5,23,14,9,46,23,10,13,72.55,54,104,18,2.91,155,66,89,21,8,13,147,61,86,14,7,7,101,48,53,3,0,3,98,48,50,101,3,98,171,8,6,*,0,0,0,0,0,168,3,0,3,0,0,0,0,0,0,8,5,3,4,*,*,0,0,0,35,13,22,34,13,21,13,4,9,13,8,5,4,*,3,25,11,14,28,17,11,6.54,7.27,5.92,57,41,16,82,19,63,50,36,14,7,5,*,23,153,0,11,0,142,58,66,15,170,6,0,0,43,34,9,176,156,20,43,*,*,*,*,*,*,176,4.09,43,0,17,26,5,12,26,1.28,42,*,43,0,42,42,*,42,6,28,34,28,5,*,7,10,19,*
13,Hidalgo,27,Huehuetla,1,Huehuetla,105,2,153,69,84,8,*,6,144,67,77,138,63,75,115,53,62,106,49,57,96,45,51,8,4,4,21,10,11,24,11,13,9,4,5,10,4,6,27,11,16,44,10,3,7,82.14,46,98,8,2.1,141,65,76,10,3,7,132,58,74,*,*,0,65,36,29,0,0,0,64,36,28,65,0,64,131,4,*,*,0,*,0,0,0,148,*,*,0,0,0,0,0,0,0,8,4,4,4,*,3,0,0,0,21,8,13,22,10,12,10,5,5,9,4,5,4,*,*,23,13,10,33,13,20,7.55,7.27,7.79,54,39,15,61,14,47,51,37,14,3,*,*,16,137,0,11,0,126,42,60,13,141,11,0,0,39,30,9,153,129,24,39,*,*,*,*,*,*,153,3.92,39,0,21,18,9,9,21,1.38,37,*,35,4,38,38,*,33,5,19,31,19,4,4,7,6,18,0
13,Hidalgo,27,Huehuetla,1,Huehuetla,105,4,52,27,25,3,3,0,49,24,25,47,23,24,43,22,21,40,20,20,36,18,18,*,*,*,4,*,3,5,*,3,3,*,*,4,*,*,11,8,3,17,*,*,*,108,12,40,0,2.14,49,26,23,3,*,*,44,22,22,3,*,*,28,11,17,0,0,0,27,10,17,28,0,27,52,0,0,0,0,0,0,0,0,52,*,*,0,0,0,0,0,0,0,4,*,*,3,*,*,0,0,0,3,*,*,*,*,0,4,*,*,4,*,3,*,*,*,6,*,5,19,11,8,10.13,10.2,10.05,23,16,7,20,6,14,20,14,6,3,*,*,13,39,0,0,8,33,16,23,4,52,0,0,0,11,8,3,52,41,11,11,*,*,*,*,*,*,52,4.73,11,0,4,7,*,*,7,1.24,11,0,11,0,11,11,0,11,*,7,9,7,4,*,3,4,7,0
13,Hidalgo,27,Huehuetla,1,Huehuetla,105,5,129,59,70,4,*,*,125,57,68,120,54,66,100,44,56,88,38,50,78,35,43,6,3,3,19,10,9,27,15,12,12,6,6,10,3,7,21,9,12,41,6,*,4,84.29,41,84,4,2.38,108,52,56,20,7,13,112,51,61,8,3,5,60,25,35,0,0,0,60,25,35,60,0,60,105,3,*,*,*,0,0,0,0,126,*,*,*,0,0,0,0,0,0,9,*,7,3,*,*,0,0,0,21,9,12,20,9,11,7,*,5,12,6,6,*,0,*,15,6,9,27,13,14,7.65,7.84,7.5,43,31,12,57,13,44,38,27,11,5,4,*,17,112,0,9,*,105,39,56,5,126,0,0,3,30,23,7,129,106,23,32,*,*,*,*,*,*,129,4.3,29,0,11,18,*,6,21,1.26,29,0,29,0,29,29,0,29,*,14,28,20,6,5,8,9,15,*
13,Hidalgo,27,Huehuetla,1,Huehuetla,105,6,11,7,4,*,*,0,9,5,4,7,4,3,6,3,3,6,3,3,6,3,3,*,*,*,*,*,0,0,0,0,0,0,0,0,0,0,*,0,*,3,0,0,0,175,5,6,0,1.33,10,7,3,*,0,*,7,4,3,0,0,0,*,*,*,0,0,0,*,*,*,*,0,*,4,0,0,0,0,0,0,0,0,11,0,0,0,0,0,0,0,0,0,0,0,0,0,0,0,0,0,0,0,0,0,0,0,0,*,*,0,0,0,0,0,0,0,*,0,*,3,*,*,11.5,11.67,11.33,4,3,*,*,0,*,4,3,*,0,0,0,5,6,0,0,5,*,*,5,0,11,0,0,0,3,3,0,11,11,0,4,*,*,*,*,*,*,11,3.67,3,0,*,*,*,0,*,1.1,3,0,3,0,3,3,0,3,0,*,*,*,*,*,0,*,*,0
13,Hidalgo,27,Huehuetla,1,Huehuetla,105,7,67,32,35,3,*,*,64,31,33,61,29,32,48,25,23,45,23,22,40,21,19,5,*,3,11,4,7,10,5,5,3,*,*,5,*,3,12,7,5,19,3,*,*,91.43,22,42,3,2.61,60,31,29,7,*,6,58,29,29,3,0,3,26,16,10,*,0,*,25,16,9,26,*,25,63,3,3,0,0,0,0,0,0,63,*,*,0,0,0,0,0,0,0,5,*,3,*,*,*,0,0,0,4,*,*,4,*,*,6,3,3,10,5,5,0,0,0,11,7,4,8,3,5,7.34,7.15,7.52,23,21,*,25,4,21,22,20,*,*,*,0,*,65,0,6,0,62,13,34,*,64,3,0,0,15,14,*,67,63,4,15,*,*,*,*,*,*,67,4.47,15,0,9,6,0,5,10,1.37,12,3,14,*,15,15,0,11,*,6,12,9,4,*,3,4,5,0
13,Hidalgo,27,Huehuetla,1,Huehuetla,105,8,67,30,37,*,*,0,66,29,37,66,29,37,60,26,34,56,25,31,50,21,29,*,*,0,4,*,3,7,*,5,4,*,3,6,4,*,11,3,8,21,8,4,4,81.08,11,49,7,1.97,66,30,36,*,0,*,65,28,37,*,*,0,50,23,27,*,0,*,49,23,26,50,*,49,64,*,*,0,0,0,0,0,0,65,0,0,0,0,0,0,0,0,0,6,4,*,4,*,3,0,0,0,14,7,7,14,7,7,5,*,4,6,3,3,3,*,*,10,6,4,16,5,11,7.05,6.72,7.32,30,18,12,30,8,22,27,15,12,3,3,0,17,50,0,0,0,50,31,21,8,67,0,0,0,14,10,4,67,52,15,14,*,*,*,*,*,*,67,4.79,14,0,4,10,*,3,9,1.31,13,*,14,0,14,14,0,13,*,7,12,9,*,*,0,4,7,0
13,Hidalgo,27,Huehuetla,1,Huehuetla,105,9,93,41,52,7,*,5,86,39,47,82,38,44,74,32,42,71,32,39,66,31,35,4,*,3,8,6,*,8,4,4,3,0,3,5,*,4,10,4,6,28,14,8,6,78.85,22,59,12,2.33,77,33,44,16,8,8,75,34,41,7,4,3,57,31,26,0,0,0,56,30,26,56,0,55,86,*,0,0,0,0,0,0,*,92,*,0,*,0,0,0,0,0,0,5,*,4,4,*,3,0,0,0,20,8,12,18,8,10,9,4,5,7,4,3,3,*,*,9,3,6,22,11,11,7.03,7.03,7.03,36,29,7,38,3,35,35,28,7,*,*,0,11,82,*,5,0,77,26,41,7,84,7,0,*,25,20,5,93,77,16,25,*,*,*,*,*,*,93,3.72,25,0,17,8,4,11,10,1.37,25,0,19,6,25,25,0,19,*,15,19,15,3,*,3,5,11,0
13,Hidalgo,27,Huehuetla,1,Huehuetla,105,10,93,45,48,*,*,0,88,41,47,84,40,44,67,35,32,57,27,30,53,25,28,7,*,5,14,4,10,19,10,9,10,8,*,4,*,*,11,7,4,21,8,3,5,93.75,33,51,6,2.97,86,43,43,4,0,4,81,39,42,3,*,*,34,18,16,0,0,0,34,18,16,33,0,33,65,*,0,*,0,0,0,0,*,87,*,0,*,0,0,0,0,0,0,3,*,*,3,*,*,*,0,*,6,*,4,6,*,4,8,*,7,11,4,7,*,*,*,11,7,4,18,12,6,8.14,9.67,6.77,36,23,13,31,12,19,36,23,13,0,0,0,6,84,0,5,0,77,30,27,10,89,*,0,0,23,14,9,90,67,23,29,*,*,*,*,*,*,90,3.91,23,0,12,11,5,*,16,1.23,23,0,19,4,23,23,0,19,*,10,20,16,4,4,5,9,15,*
13,Hidalgo,27,Huehuetla,1,Huehuetla,105,11,106,50,56,9,5,4,97,45,52,93,43,50,83,37,46,79,35,44,70,33,37,4,*,*,10,6,4,11,6,5,4,*,*,9,*,7,10,4,6,31,16,8,8,89.29,27,69,10,2.76,95,44,51,10,5,5,85,37,48,8,6,*,42,21,21,0,0,0,42,21,21,42,0,42,97,4,*,0,*,*,0,0,0,102,3,*,*,0,0,0,0,0,0,7,*,5,5,*,3,0,0,0,15,5,10,16,5,11,13,8,5,5,3,*,0,0,0,11,6,5,26,10,16,7.86,7.85,7.86,42,28,14,41,9,32,36,23,13,6,5,*,19,87,0,7,19,61,30,46,7,106,0,0,0,24,20,4,106,83,23,28,*,*,*,*,*,*,106,4.42,24,0,8,16,*,4,19,1.1,24,0,24,0,24,24,0,24,*,19,22,21,9,6,4,10,12,0
13,Hidalgo,27,Huehuetla,1,Huehuetla,105,12,65,28,37,8,*,6,57,26,31,55,25,30,52,24,28,48,21,27,47,20,27,*,*,*,3,*,*,5,3,*,4,3,*,*,*,0,10,4,6,14,15,7,8,75.68,17,36,12,3.56,61,25,36,4,3,*,55,25,30,0,0,0,29,11,18,0,0,0,29,11,18,29,0,29,51,*,*,0,0,0,0,0,0,64,0,0,0,0,0,0,0,0,0,0,0,0,4,*,*,0,0,0,15,6,9,15,6,9,4,*,3,*,0,*,0,0,0,6,3,3,21,11,10,8.04,9,7.3,24,15,9,27,9,18,24,15,9,0,0,0,6,59,4,7,0,47,15,29,8,65,0,0,0,17,11,6,65,53,12,17,*,*,*,*,*,*,65,3.82,16,0,10,6,*,7,8,1.14,15,0,16,0,16,16,0,15,3,3,13,9,*,3,*,5,5,0
13,Hidalgo,27,Huehuetla,1,Huehuetla,105,13,52,22,30,4,*,3,48,21,27,46,21,25,35,16,19,33,16,17,33,16,17,4,*,3,9,4,5,9,4,5,*,0,*,0,0,0,7,4,3,13,4,*,3,73.33,19,31,*,2.47,49,22,27,3,0,3,40,19,21,3,*,*,16,9,7,0,0,0,15,9,6,16,0,15,33,3,3,0,0,0,0,0,0,49,*,0,*,0,0,0,0,0,0,0,0,0,*,*,*,0,0,0,4,*,*,5,*,3,*,*,*,4,*,3,*,*,0,5,*,3,15,8,7,9,9.44,8.59,20,15,5,15,*,14,16,11,5,4,4,0,6,46,0,10,*,34,7,24,4,37,12,0,0,14,10,4,52,38,14,14,*,*,*,*,*,*,52,3.71,13,0,6,8,0,8,6,1.02,14,0,13,0,13,13,*,12,*,6,12,7,3,5,4,*,10,0
13,Hidalgo,27,Huehuetla,1,Huehuetla,105,15,76,34,42,4,*,*,72,32,40,70,31,39,56,25,31,51,23,28,48,21,27,5,*,4,11,6,5,11,5,6,5,*,3,3,*,*,14,7,7,22,6,*,4,80.95,25,49,*,2.7,73,32,41,3,*,*,68,29,39,*,*,0,38,17,21,0,0,0,38,17,21,38,0,38,69,5,*,*,*,0,0,0,0,71,*,0,*,0,0,0,0,0,0,*,*,0,*,*,0,0,0,0,11,4,7,9,4,5,10,3,7,3,*,*,3,3,0,14,8,6,11,4,7,6.61,6.87,6.39,30,20,10,25,4,21,25,15,10,5,5,0,13,63,0,0,0,63,21,30,5,67,9,0,0,17,12,5,76,54,22,19,*,*,*,*,*,*,76,4.47,17,0,5,12,*,4,11,1.58,17,0,11,6,17,17,0,11,*,13,12,7,0,0,0,*,7,0
13,Hidalgo,27,Huehuetla,1,Huehuetla,105,16,32,14,18,*,0,*,31,14,17,31,14,17,25,11,14,24,10,14,21,8,13,*,*,0,5,*,3,6,3,3,*,*,0,3,*,*,5,*,4,12,3,*,*,77.78,8,22,*,2.43,32,14,18,0,0,0,31,14,17,0,0,0,18,7,11,0,0,0,18,7,11,18,0,18,32,0,0,0,0,0,0,0,0,32,0,0,0,0,0,0,0,0,0,3,*,*,*,0,*,0,0,0,7,3,4,8,3,5,6,*,4,4,*,*,*,*,0,*,*,*,3,*,*,4.33,4.8,4,8,7,*,17,4,13,6,5,*,*,*,0,*,31,0,0,0,31,11,12,*,28,4,0,0,7,5,*,32,19,13,7,*,*,*,*,*,*,32,4.57,7,0,6,*,*,3,3,1.78,7,0,7,0,7,7,0,7,*,5,5,*,0,0,*,*,*,0
13,Hidalgo,27,Huehuetla,1,Huehuetla,105,17,5,*,*,*,*,*,*,*,*,*,*,*,*,*,*,*,*,*,*,*,*,*,*,*,*,*,*,*,*,*,*,*,*,*,*,*,*,*,*,*,*,*,*,*,*,*,*,*,*,*,*,*,*,*,*,*,*,*,*,*,*,*,*,*,*,*,*,*,*,*,*,*,*,*,*,*,*,*,*,*,*,*,*,*,*,*,*,*,*,*,*,*,*,*,*,*,*,*,*,*,*,*,*,*,*,*,*,*,*,*,*,*,*,*,*,*,*,*,*,*,*,*,*,*,*,*,*,*,*,*,*,*,*,*,*,*,*,*,*,*,*,*,*,*,*,*,*,*,*,*,*,*,*,*,*,2,*,*,*,*,*,*,*,*,*,*,*,*,*,*,*,*,*,*,*,*,*,*,*,*,*,*,*,*,*,*,*,*,*,*
13,Hidalgo,27,Huehuetla,1,Huehuetla,105,18,27,10,17,*,*,*,25,9,16,25,9,16,21,7,14,20,7,13,18,6,12,0,0,0,4,*,*,4,*,*,*,0,*,*,*,*,4,*,*,7,4,0,4,58.82,7,17,3,2,27,10,17,0,0,0,25,9,16,0,0,0,19,7,12,0,0,0,19,7,12,19,0,19,27,0,0,0,0,0,0,0,0,27,0,0,0,0,0,0,0,0,0,*,*,*,*,0,*,0,0,0,6,0,6,6,0,6,*,0,*,*,*,0,0,0,0,3,*,*,7,3,4,7.75,10.14,6.46,7,5,*,14,*,12,7,5,*,0,0,0,5,22,0,*,0,21,9,9,3,27,0,0,0,6,4,*,27,23,4,6,*,*,*,*,*,*,27,4.5,6,0,3,3,0,4,*,1.5,6,0,6,0,6,6,0,6,*,3,5,4,*,0,*,*,*,0
13,Hidalgo,27,Huehuetla,1,Huehuetla,105,19,109,48,61,8,4,4,101,44,57,96,40,56,75,29,46,69,27,42,64,24,40,8,6,*,18,9,9,17,8,9,6,*,4,5,3,*,18,7,11,32,10,5,5,78.69,40,60,9,3,106,46,60,3,*,*,92,37,55,0,0,0,49,20,29,*,0,*,48,20,28,49,*,48,95,3,*,*,0,0,0,0,0,103,3,3,0,0,0,0,0,0,0,5,3,*,5,*,4,0,0,0,9,0,9,10,*,8,7,*,6,12,4,8,*,*,0,12,5,7,22,11,11,7.79,9.15,6.93,42,22,20,32,7,25,39,19,20,3,3,0,62,45,*,23,0,22,24,40,11,97,*,0,11,26,17,9,109,82,27,26,*,*,*,*,*,*,109,4.19,24,*,15,11,3,12,11,1.51,26,0,19,7,23,24,*,19,*,10,24,16,*,3,6,6,17,*
13,Hidalgo,27,Huehuetla,1,Huehuetla,105,20,14,6,8,0,0,0,14,6,8,14,6,8,13,5,8,12,5,7,12,5,7,0,0,0,*,*,0,*,*,*,*,0,*,0,0,0,5,*,3,5,*,0,*,75,*,10,*,2,13,6,7,*,0,*,14,6,8,0,0,0,0,0,0,0,0,0,0,0,0,0,0,0,0,*,0,*,0,0,0,0,0,13,0,0,0,0,0,0,0,0,0,0,0,0,4,*,3,0,0,0,*,0,*,*,0,*,*,0,*,*,*,*,0,0,0,*,*,0,7,3,4,10.67,12.2,9.57,5,3,*,8,*,6,4,*,*,*,*,0,0,14,0,6,0,14,7,4,*,14,0,0,0,3,*,*,14,10,4,4,*,*,*,*,*,*,14,4.67,3,0,0,3,0,0,3,1,3,0,*,*,3,3,0,*,0,*,3,3,*,0,*,*,3,0
13,Hidalgo,27,Huehuetla,1,Huehuetla,105,21,59,29,30,*,*,0,58,28,30,56,27,29,52,25,27,43,19,24,40,19,21,3,*,*,3,*,*,12,8,4,9,6,3,3,0,3,11,4,7,18,7,3,4,96.67,16,37,6,2.15,58,28,30,*,*,0,56,27,29,0,0,0,31,16,15,0,0,0,31,16,15,31,0,31,46,0,0,0,0,0,0,0,0,59,*,0,*,0,0,0,0,0,0,3,0,3,5,3,*,0,0,0,7,*,6,6,*,5,6,4,*,5,*,3,3,0,3,11,5,6,12,7,5,7.49,8.47,6.71,16,14,*,36,11,25,14,14,0,*,0,*,7,52,0,0,0,52,22,28,*,59,0,0,0,13,12,*,59,53,6,17,*,*,*,*,*,*,59,4.54,13,0,6,7,*,*,11,1.44,13,0,13,0,13,13,0,13,*,7,11,10,*,*,*,6,5,0
13,Hidalgo,27,Huehuetla,1,Huehuetla,105,22,24,13,11,3,*,*,21,12,9,20,11,9,15,7,8,15,7,8,14,6,8,*,*,0,5,4,*,4,4,0,0,0,0,*,*,0,6,4,*,7,0,0,0,118.18,9,15,0,3.13,23,12,11,*,*,0,20,11,9,0,0,0,5,*,4,0,0,0,5,*,4,5,0,5,17,0,0,0,0,0,0,0,0,24,*,*,0,0,0,0,0,0,0,0,0,0,3,*,*,0,0,0,*,0,*,0,0,0,*,0,*,0,0,0,0,0,0,7,3,4,7,4,3,10.13,11,9.38,8,6,*,7,*,6,7,5,*,*,*,0,*,22,0,4,0,18,7,6,*,24,0,0,0,5,*,4,24,5,19,5,*,*,*,*,*,*,24,4.8,5,0,4,*,*,*,*,1.6,5,0,5,0,5,5,0,5,0,*,5,4,*,0,0,3,*,0
13,Hidalgo,27,Huehuetla,1,Huehuetla,105,23,79,38,41,5,3,*,74,35,39,71,33,38,50,21,29,44,20,24,35,17,18,11,6,5,13,8,5,16,7,9,6,*,5,9,3,6,7,5,*,22,0,0,0,92.68,35,44,0,2.07,68,33,35,11,5,6,70,33,37,*,0,*,22,8,14,0,0,0,22,8,14,22,0,22,45,0,0,0,0,0,0,0,0,79,*,*,0,0,0,0,0,0,0,8,*,6,*,*,0,0,0,0,*,0,*,*,0,*,5,*,4,4,*,*,4,*,*,16,7,9,11,8,3,8.55,9.45,7.79,20,16,4,30,5,25,19,15,4,*,*,0,6,73,0,0,0,73,19,31,0,71,*,0,7,16,13,3,79,64,15,17,*,*,*,*,*,*,79,4.94,16,0,7,9,*,3,11,1.68,16,0,12,4,16,16,0,12,0,10,15,12,3,*,3,*,9,0
13,Hidalgo,27,Huehuetla,1,Huehuetla,105,24,8,4,4,*,*,*,6,3,3,5,3,*,4,*,*,4,*,*,4,*,*,*,0,*,*,*,0,*,*,0,0,0,0,0,0,0,0,0,0,*,*,*,0,100,4,4,0,7,7,4,3,*,0,*,5,3,*,0,0,0,3,*,*,0,0,0,3,*,*,3,0,3,8,0,0,0,0,0,0,0,0,8,0,0,0,0,0,0,0,0,0,0,0,0,0,0,0,0,0,0,*,*,*,*,*,*,*,*,*,0,0,0,0,0,0,0,0,0,0,0,0,2,2,2,*,*,*,*,*,*,*,*,*,0,0,0,0,8,0,0,0,8,0,*,*,8,0,0,0,3,*,*,8,7,*,5,*,*,*,*,*,*,8,2.67,3,0,3,0,*,*,0,2,*,*,3,0,*,*,*,*,*,*,*,*,*,0,0,0,0,0
13,Hidalgo,27,Huehuetla,1,Huehuetla,105,25,63,29,34,5,*,4,58,28,30,56,27,29,42,19,23,37,17,20,33,16,17,*,*,*,14,8,6,15,8,7,5,*,3,4,*,3,11,5,6,18,*,*,0,85.29,26,37,0,1.96,59,26,33,4,3,*,51,23,28,5,4,*,20,12,8,0,0,0,20,12,8,20,0,20,42,0,0,0,0,0,0,0,0,63,*,*,*,0,0,0,0,0,0,*,*,*,*,0,*,0,0,0,4,3,*,*,*,*,7,5,*,6,*,4,3,*,*,8,*,6,10,5,5,7.7,7,8.3,22,16,6,20,3,17,18,12,6,4,4,0,5,58,0,4,0,54,12,29,*,59,0,0,4,16,15,*,63,60,3,20,*,*,*,*,*,*,63,3.94,16,0,11,5,3,7,6,1.62,16,0,13,3,14,16,0,13,0,9,14,10,*,0,*,0,9,0
13,Hidalgo,27,Huehuetla,1,Huehuetla,105,26,44,19,25,3,*,*,41,18,23,38,16,22,29,13,16,24,10,14,24,10,14,3,*,*,9,3,6,10,5,5,5,3,*,0,0,0,5,*,4,11,*,0,*,76,20,23,*,2.25,36,15,21,7,3,4,37,15,22,*,*,0,17,6,11,*,*,0,16,5,11,17,*,16,37,9,*,*,0,*,*,0,3,35,3,*,*,*,*,0,4,*,*,0,0,0,0,0,0,3,3,0,9,4,5,8,3,5,6,*,4,0,0,0,0,0,0,4,*,*,6,3,3,5.42,6.3,4.79,13,10,3,15,*,13,11,8,3,*,*,0,10,34,0,0,0,34,9,17,3,42,*,0,0,12,9,3,44,32,12,17,*,*,*,*,*,*,44,3.67,9,3,11,*,3,5,4,1.63,9,3,6,6,7,7,5,3,3,7,6,*,0,0,0,0,5,0
13,Hidalgo,27,Huehuetla,1,Huehuetla,105,27,26,11,15,*,0,*,25,11,14,22,10,12,15,7,8,13,5,8,12,5,7,5,*,3,5,*,3,6,4,*,*,*,0,*,0,*,*,*,*,6,*,*,*,73.33,13,12,*,3.63,23,11,12,3,0,3,21,10,11,*,0,*,12,5,7,0,0,0,12,5,7,12,0,12,26,*,*,0,0,*,0,0,0,24,3,*,*,0,0,0,0,0,0,*,0,*,0,0,0,0,0,0,4,*,3,4,*,3,*,*,*,*,*,0,3,*,*,*,*,*,*,0,*,5.08,5.2,5,5,4,*,10,3,7,5,4,*,0,0,0,4,22,0,0,0,22,4,10,*,26,0,0,0,6,5,*,26,22,4,8,*,*,*,*,*,*,26,4.33,6,0,*,4,0,*,4,1.37,6,0,5,*,6,6,0,5,0,4,6,5,0,0,0,0,*,0
13,Hidalgo,27,Huehuetla,1,Huehuetla,105,28,41,20,21,3,*,*,38,19,19,36,17,19,33,15,18,30,14,16,27,13,14,*,*,0,3,*,*,5,3,*,3,*,*,3,*,*,7,4,3,11,6,*,4,95.24,11,26,4,3.76,39,18,21,*,*,0,34,16,18,0,0,0,18,8,10,*,0,*,16,8,8,18,*,16,41,*,*,0,0,0,0,0,0,39,*,*,0,0,0,0,0,0,0,*,*,*,0,0,0,0,0,0,8,*,7,12,4,8,*,*,*,6,3,3,*,*,0,3,*,*,3,*,*,4.39,5,3.94,16,12,4,17,3,14,12,8,4,4,4,0,0,3,0,0,0,3,11,19,3,30,11,0,0,11,9,*,41,31,10,12,*,*,*,*,*,*,41,3.73,11,0,7,4,*,6,4,1.58,11,0,11,0,10,11,0,11,*,9,10,7,*,*,0,*,9,0
13,Hidalgo,27,Huehuetla,1,Huehuetla,105,29,45,22,23,5,*,3,40,20,20,39,19,20,32,17,15,25,13,12,22,12,10,*,*,*,6,*,4,11,6,5,7,4,3,3,*,*,3,*,*,10,*,*,*,95.65,20,24,*,3.73,40,19,21,4,3,*,38,18,20,*,*,0,17,8,9,0,0,0,17,8,9,17,0,17,43,0,0,0,0,0,0,0,0,44,*,*,0,*,0,*,0,0,0,*,0,*,*,*,0,*,*,*,5,*,3,6,3,3,6,*,4,4,*,3,0,0,0,6,5,*,*,*,0,5.16,6.23,4,12,11,*,20,6,14,12,11,*,0,0,0,*,43,0,0,0,43,13,18,*,39,3,0,3,9,6,3,45,32,13,11,*,*,*,*,*,*,45,5,8,*,4,5,*,*,6,1.88,8,*,8,*,8,8,*,8,*,3,8,4,*,0,*,0,*,0
13,Hidalgo,27,Huehuetla,1,Huehuetla,105,30,11,*,*,*,*,*,*,*,*,*,*,*,*,*,*,*,*,*,*,*,*,*,*,*,*,*,*,*,*,*,*,*,*,*,*,*,*,*,*,*,*,*,*,*,*,*,*,*,*,*,*,*,*,*,*,*,*,*,*,*,*,*,*,*,*,*,*,*,*,*,*,*,*,*,*,*,*,*,*,*,*,*,*,*,*,*,*,*,*,*,*,*,*,*,*,*,*,*,*,*,*,*,*,*,*,*,*,*,*,*,*,*,*,*,*,*,*,*,*,*,*,*,*,*,*,*,*,*,*,*,*,*,*,*,*,*,*,*,*,*,*,*,*,*,*,*,*,*,*,*,*,*,*,*,*,2,*,*,*,*,*,*,*,*,*,*,*,*,*,*,*,*,*,*,*,*,*,*,*,*,*,*,*,*,*,*,*,*,*,*
13,Hidalgo,27,Huehuetla,1,Huehuetla,011A,1,10,*,*,*,*,*,*,*,*,*,*,*,*,*,*,*,*,*,*,*,*,*,*,*,*,*,*,*,*,*,*,*,*,*,*,*,*,*,*,*,*,*,*,*,*,*,*,*,*,*,*,*,*,*,*,*,*,*,*,*,*,*,*,*,*,*,*,*,*,*,*,*,*,*,*,*,*,*,*,*,*,*,*,*,*,*,*,*,*,*,*,*,*,*,*,*,*,*,*,*,*,*,*,*,*,*,*,*,*,*,*,*,*,*,*,*,*,*,*,*,*,*,*,*,*,*,*,*,*,*,*,*,*,*,*,*,*,*,*,*,*,*,*,*,*,*,*,*,*,*,*,*,*,*,*,3,*,*,*,*,*,*,*,*,*,*,*,*,*,*,*,*,*,*,*,*,*,*,*,*,*,*,*,*,*,*,*,*,*,*
13,Hidalgo,27,Huehuetla,1,Huehuetla,011A,2,17,8,9,0,0,0,17,8,9,16,8,8,12,7,5,10,5,5,9,5,4,*,*,*,3,0,3,5,*,3,*,*,0,*,0,*,3,*,*,4,0,0,0,88.89,7,10,0,3.2,17,8,9,0,0,0,16,8,8,0,0,0,5,*,3,0,0,0,5,*,3,5,0,5,11,*,*,0,0,0,0,0,0,16,*,*,*,0,0,0,*,*,0,0,0,0,0,0,0,0,0,0,*,*,*,*,0,*,*,*,0,*,0,*,*,0,*,4,4,0,0,0,0,6.9,7.6,6.2,6,6,0,6,*,5,5,5,0,*,*,0,0,17,0,0,0,17,3,9,0,17,0,0,0,4,4,0,17,17,0,5,*,*,*,*,*,*,17,4.25,*,*,*,*,*,0,3,1.7,4,0,3,*,4,*,*,*,0,*,3,*,*,*,0,*,0,0
13,Hidalgo,27,Huehuetla,1,Huehuetla,011A,4,4,*,*,*,*,*,*,*,*,*,*,*,*,*,*,*,*,*,*,*,*,*,*,*,*,*,*,*,*,*,*,*,*,*,*,*,*,*,*,*,*,*,*,*,*,*,*,*,*,*,*,*,*,*,*,*,*,*,*,*,*,*,*,*,*,*,*,*,*,*,*,*,*,*,*,*,*,*,*,*,*,*,*,*,*,*,*,*,*,*,*,*,*,*,*,*,*,*,*,*,*,*,*,*,*,*,*,*,*,*,*,*,*,*,*,*,*,*,*,*,*,*,*,*,*,*,*,*,*,*,*,*,*,*,*,*,*,*,*,*,*,*,*,*,*,*,*,*,*,*,*,*,*,*,*,3,*,*,*,*,*,*,*,*,*,*,*,*,*,*,*,*,*,*,*,*,*,*,*,*,*,*,*,*,*,*,*,*,*,*
13,Hidalgo,27,Huehuetla,1,Huehuetla,011A,7,8,*,*,*,*,*,*,*,*,*,*,*,*,*,*,*,*,*,*,*,*,*,*,*,*,*,*,*,*,*,*,*,*,*,*,*,*,*,*,*,*,*,*,*,*,*,*,*,*,*,*,*,*,*,*,*,*,*,*,*,*,*,*,*,*,*,*,*,*,*,*,*,*,*,*,*,*,*,*,*,*,*,*,*,*,*,*,*,*,*,*,*,*,*,*,*,*,*,*,*,*,*,*,*,*,*,*,*,*,*,*,*,*,*,*,*,*,*,*,*,*,*,*,*,*,*,*,*,*,*,*,*,*,*,*,*,*,*,*,*,*,*,*,*,*,*,*,*,*,*,*,*,*,*,*,3,*,*,*,*,*,*,*,*,*,*,*,*,*,*,*,*,*,*,*,*,*,*,*,*,*,*,*,*,*,*,*,*,*,*
13,Hidalgo,27,Huehuetla,1,Huehuetla,011A,9,17,10,7,0,0,0,17,10,7,17,10,7,13,7,6,13,7,6,9,5,4,0,0,0,4,3,*,*,*,0,0,0,0,4,*,*,*,*,*,5,*,*,0,142.86,4,13,0,2,17,10,7,0,0,0,17,10,7,0,0,0,11,6,5,0,0,0,11,6,5,11,0,11,17,0,0,0,0,0,0,0,0,17,0,0,0,0,0,0,0,0,0,*,*,*,0,0,0,0,0,0,4,*,*,3,*,*,*,*,0,*,*,*,*,*,0,*,*,0,*,0,*,6.08,5.86,6.33,7,5,*,6,*,4,7,5,*,0,0,0,0,17,0,0,0,17,4,8,*,10,7,0,0,4,4,0,17,17,0,5,*,*,*,*,*,*,17,4.25,3,*,3,*,*,*,*,2.13,3,*,*,*,4,4,0,*,*,0,*,*,0,*,0,0,*,0
